timestamp,event,TCP_pose,joint_angles,TCP_force
0.0,Start D4 on A,"[0.008835681187176266, -0.9883867999054667, 0.23677435597157379, 0.39610446802750177, 3.0854749224460245, 0.40091247563360277]","[-1.3572432101825136, -2.863110687423454, -0.2668427679633112, -1.8229473494479471, 1.6605010612536875, 0.4580637034825308]","[0.0, 0.0, 0.0, 0.0, 0.0, 0.0]"
0.6880000000001019,End D4 on A,"[0.01180279604132832, -0.9949267557417856, 0.23946979491737586, 0.3975173257798288, 3.086279533283362, 0.4025972091211499]","[-1.35549551280788, -2.9934165264768944, 0.009261056263047743, -1.9698761781005167, 1.6602267511326534, 0.46062810527201303]","[0.0, 0.0, 0.0, 0.0, 0.0, 0.0]"
0.7039999999999509,Start D4 on A,"[0.01180279604132832, -0.9949267557417856, 0.23946979491737586, 0.3975173257798288, 3.086279533283362, 0.4025972091211499]","[-1.35549551280788, -2.9934165264768944, 0.009261056263047743, -1.9698761781005167, 1.6602267511326534, 0.46062810527201303]","[0.0, 0.0, 0.0, 0.0, 0.0, 0.0]"
1.3759999999999764,End D4 on A,"[0.01180279604132832, -0.9949267557417856, 0.23946979491737586, 0.3975173257798288, 3.086279533283362, 0.4025972091211499]","[-1.35549551280788, -2.9934165264768944, 0.009261056263047743, -1.9698761781005167, 1.6602267511326534, 0.46062810527201303]","[0.0, 0.0, 0.0, 0.0, 0.0, 0.0]"
1.3920000000000528,Start A3 on A,"[0.01180279604132832, -0.9949267557417856, 0.23946979491737586, 0.3975173257798288, 3.086279533283362, 0.4025972091211499]","[-1.35549551280788, -2.9934165264768944, 0.009261056263047743, -1.9698761781005167, 1.6602267511326534, 0.46062810527201303]","[0.0, 0.0, 0.0, 0.0, 0.0, 0.0]"
2.064000000000078,End A3 on A,"[0.01180279604132832, -0.9949267557417856, 0.23946979491737586, 0.3975173257798288, 3.086279533283362, 0.4025972091211499]","[-1.35549551280788, -2.9934165264768944, 0.009261056263047743, -1.9698761781005167, 1.6602267511326534, 0.46062810527201303]","[0.0, 0.0, 0.0, 0.0, 0.0, 0.0]"
2.0799999999999272,Start A3 on A,"[0.01180279604132832, -0.9949267557417856, 0.23946979491737586, 0.3975173257798288, 3.086279533283362, 0.4025972091211499]","[-1.35549551280788, -2.9934165264768944, 0.009261056263047743, -1.9698761781005167, 1.6602267511326534, 0.46062810527201303]","[0.0, 0.0, 0.0, 0.0, 0.0, 0.0]"
2.7439999999999145,End A3 on A,"[0.01180279604132832, -0.9949267557417856, 0.23946979491737586, 0.3975173257798288, 3.086279533283362, 0.4025972091211499]","[-1.35549551280788, -2.9934165264768944, 0.009261056263047743, -1.9698761781005167, 1.6602267511326534, 0.46062810527201303]","[0.0, 0.0, 0.0, 0.0, 0.0, 0.0]"
2.759999999999991,Start B3 on A,"[0.01180279604132832, -0.9949267557417856, 0.23946979491737586, 0.3975173257798288, 3.086279533283362, 0.4025972091211499]","[-1.35549551280788, -2.9934165264768944, 0.009261056263047743, -1.9698761781005167, 1.6602267511326534, 0.46062810527201303]","[0.0, 0.0, 0.0, 0.0, 0.0, 0.0]"
3.0799999999999272,End B3 on A,"[0.01180279604132832, -0.9949267557417856, 0.23946979491737586, 0.3975173257798288, 3.086279533283362, 0.4025972091211499]","[-1.35549551280788, -2.9934165264768944, 0.009261056263047743, -1.9698761781005167, 1.6602267511326534, 0.46062810527201303]","[0.0, 0.0, 0.0, 0.0, 0.0, 0.0]"
3.11200000000008,Start C#4 on A,"[0.01180279604132832, -0.9949267557417856, 0.23946979491737586, 0.3975173257798288, 3.086279533283362, 0.4025972091211499]","[-1.35549551280788, -2.9934165264768944, 0.009261056263047743, -1.9698761781005167, 1.6602267511326534, 0.46062810527201303]","[0.0, 0.0, 0.0, 0.0, 0.0, 0.0]"
3.4400000000000546,End C#4 on A,"[0.01180279604132832, -0.9949267557417856, 0.23946979491737586, 0.3975173257798288, 3.086279533283362, 0.4025972091211499]","[-1.35549551280788, -2.9934165264768944, 0.009261056263047743, -1.9698761781005167, 1.6602267511326534, 0.46062810527201303]","[0.0, 0.0, 0.0, 0.0, 0.0, 0.0]"
3.4559999999999036,Start D4 on A,"[0.01180279604132832, -0.9949267557417856, 0.23946979491737586, 0.3975173257798288, 3.086279533283362, 0.4025972091211499]","[-1.35549551280788, -2.9934165264768944, 0.009261056263047743, -1.9698761781005167, 1.6602267511326534, 0.46062810527201303]","[0.0, 0.0, 0.0, 0.0, 0.0, 0.0]"
3.7840000000001055,End D4 on A,"[0.01180279604132832, -0.9949267557417856, 0.23946979491737586, 0.3975173257798288, 3.086279533283362, 0.4025972091211499]","[-1.35549551280788, -2.9934165264768944, 0.009261056263047743, -1.9698761781005167, 1.6602267511326534, 0.46062810527201303]","[0.0, 0.0, 0.0, 0.0, 0.0, 0.0]"
3.8079999999999927,Start B3 on A,"[0.01180279604132832, -0.9949267557417856, 0.23946979491737586, 0.3975173257798288, 3.086279533283362, 0.4025972091211499]","[-1.35549551280788, -2.9934165264768944, 0.009261056263047743, -1.9698761781005167, 1.6602267511326534, 0.46062810527201303]","[0.0, 0.0, 0.0, 0.0, 0.0, 0.0]"
4.152000000000044,End B3 on A,"[0.01180279604132832, -0.9949267557417856, 0.23946979491737586, 0.3975173257798288, 3.086279533283362, 0.4025972091211499]","[-1.35549551280788, -2.9934165264768944, 0.009261056263047743, -1.9698761781005167, 1.6602267511326534, 0.46062810527201303]","[0.0, 0.0, 0.0, 0.0, 0.0, 0.0]"
4.175999999999931,Start A3 on A,"[0.01180279604132832, -0.9949267557417856, 0.23946979491737586, 0.3975173257798288, 3.086279533283362, 0.4025972091211499]","[-1.35549551280788, -2.9934165264768944, 0.009261056263047743, -1.9698761781005167, 1.6602267511326534, 0.46062810527201303]","[0.0, 0.0, 0.0, 0.0, 0.0, 0.0]"
4.832000000000107,End A3 on A,"[0.01180279604132832, -0.9949267557417856, 0.23946979491737586, 0.3975173257798288, 3.086279533283362, 0.4025972091211499]","[-1.35549551280788, -2.9934165264768944, 0.009261056263047743, -1.9698761781005167, 1.6602267511326534, 0.46062810527201303]","[0.0, 0.0, 0.0, 0.0, 0.0, 0.0]"
4.864000000000033,Start A3 on A,"[0.01180279604132832, -0.9949267557417856, 0.23946979491737586, 0.3975173257798288, 3.086279533283362, 0.4025972091211499]","[-1.35549551280788, -2.9934165264768944, 0.009261056263047743, -1.9698761781005167, 1.6602267511326534, 0.46062810527201303]","[0.0, 0.0, 0.0, 0.0, 0.0, 0.0]"
5.52800000000002,End A3 on A,"[0.01180279604132832, -0.9949267557417856, 0.23946979491737586, 0.3975173257798288, 3.086279533283362, 0.4025972091211499]","[-1.35549551280788, -2.9934165264768944, 0.009261056263047743, -1.9698761781005167, 1.6602267511326534, 0.46062810527201303]","[0.0, 0.0, 0.0, 0.0, 0.0, 0.0]"
5.544000000000096,Start transition on A-D,"[0.01180279604132832, -0.9949267557417856, 0.23946979491737586, 0.3975173257798288, 3.086279533283362, 0.4025972091211499]","[-1.35549551280788, -2.9934165264768944, 0.009261056263047743, -1.9698761781005167, 1.6602267511326534, 0.46062810527201303]","[0.0, 0.0, 0.0, 0.0, 0.0, 0.0]"
5.680000000000064,End transition on A-D,"[0.01180279604132832, -0.9949267557417856, 0.23946979491737586, 0.3975173257798288, 3.086279533283362, 0.4025972091211499]","[-1.35549551280788, -2.9934165264768944, 0.009261056263047743, -1.9698761781005167, 1.6602267511326534, 0.46062810527201303]","[0.0, 0.0, 0.0, 0.0, 0.0, 0.0]"
5.695999999999913,Start G3 on D,"[0.01180279604132832, -0.9949267557417856, 0.23946979491737586, 0.3975173257798288, 3.086279533283362, 0.4025972091211499]","[-1.35549551280788, -2.9934165264768944, 0.009261056263047743, -1.9698761781005167, 1.6602267511326534, 0.46062810527201303]","[0.0, 0.0, 0.0, 0.0, 0.0, 0.0]"
6.367999999999938,End G3 on D,"[0.01180279604132832, -0.9949267557417856, 0.23946979491737586, 0.3975173257798288, 3.086279533283362, 0.4025972091211499]","[-1.35549551280788, -2.9934165264768944, 0.009261056263047743, -1.9698761781005167, 1.6602267511326534, 0.46062810527201303]","[0.0, 0.0, 0.0, 0.0, 0.0, 0.0]"
6.3840000000000146,Start G3 on D,"[0.01180279604132832, -0.9949267557417856, 0.23946979491737586, 0.3975173257798288, 3.086279533283362, 0.4025972091211499]","[-1.35549551280788, -2.9934165264768944, 0.009261056263047743, -1.9698761781005167, 1.6602267511326534, 0.46062810527201303]","[0.0, 0.0, 0.0, 0.0, 0.0, 0.0]"
7.05600000000004,End G3 on D,"[0.01180279604132832, -0.9949267557417856, 0.23946979491737586, 0.3975173257798288, 3.086279533283362, 0.4025972091211499]","[-1.35549551280788, -2.9934165264768944, 0.009261056263047743, -1.9698761781005167, 1.6602267511326534, 0.46062810527201303]","[0.0, 0.0, 0.0, 0.0, 0.0, 0.0]"
7.072000000000116,Start F#3 on D,"[0.01180279604132832, -0.9949267557417856, 0.23946979491737586, 0.3975173257798288, 3.086279533283362, 0.4025972091211499]","[-1.35549551280788, -2.9934165264768944, 0.009261056263047743, -1.9698761781005167, 1.6602267511326534, 0.46062810527201303]","[0.0, 0.0, 0.0, 0.0, 0.0, 0.0]"
7.736000000000104,End F#3 on D,"[0.01180279604132832, -0.9949267557417856, 0.23946979491737586, 0.3975173257798288, 3.086279533283362, 0.4025972091211499]","[-1.35549551280788, -2.9934165264768944, 0.009261056263047743, -1.9698761781005167, 1.6602267511326534, 0.46062810527201303]","[0.0, 0.0, 0.0, 0.0, 0.0, 0.0]"
7.751999999999953,Start F#3 on D,"[0.01180279604132832, -0.9949267557417856, 0.23946979491737586, 0.3975173257798288, 3.086279533283362, 0.4025972091211499]","[-1.35549551280788, -2.9934165264768944, 0.009261056263047743, -1.9698761781005167, 1.6602267511326534, 0.46062810527201303]","[0.0, 0.0, 0.0, 0.0, 0.0, 0.0]"
8.41599999999994,End F#3 on D,"[0.01180279604132832, -0.9949267557417856, 0.23946979491737586, 0.3975173257798288, 3.086279533283362, 0.4025972091211499]","[-1.35549551280788, -2.9934165264768944, 0.009261056263047743, -1.9698761781005167, 1.6602267511326534, 0.46062810527201303]","[0.0, 0.0, 0.0, 0.0, 0.0, 0.0]"
8.440000000000055,Start E3 on D,"[0.01180279604132832, -0.9949267557417856, 0.23946979491737586, 0.3975173257798288, 3.086279533283362, 0.4025972091211499]","[-1.35549551280788, -2.9934165264768944, 0.009261056263047743, -1.9698761781005167, 1.6602267511326534, 0.46062810527201303]","[0.0, 0.0, 0.0, 0.0, 0.0, 0.0]"
8.768000000000029,End E3 on D,"[0.01180279604132832, -0.9949267557417856, 0.23946979491737586, 0.3975173257798288, 3.086279533283362, 0.4025972091211499]","[-1.35549551280788, -2.9934165264768944, 0.009261056263047743, -1.9698761781005167, 1.6602267511326534, 0.46062810527201303]","[0.0, 0.0, 0.0, 0.0, 0.0, 0.0]"
8.784000000000106,Start D3 on D,"[0.01180279604132832, -0.9949267557417856, 0.23946979491737586, 0.3975173257798288, 3.086279533283362, 0.4025972091211499]","[-1.35549551280788, -2.9934165264768944, 0.009261056263047743, -1.9698761781005167, 1.6602267511326534, 0.46062810527201303]","[0.0, 0.0, 0.0, 0.0, 0.0, 0.0]"
9.11200000000008,End D3 on D,"[0.01180279604132832, -0.9949267557417856, 0.23946979491737586, 0.3975173257798288, 3.086279533283362, 0.4025972091211499]","[-1.35549551280788, -2.9934165264768944, 0.009261056263047743, -1.9698761781005167, 1.6602267511326534, 0.46062810527201303]","[0.0, 0.0, 0.0, 0.0, 0.0, 0.0]"
9.127999999999929,Start E3 on D,"[0.01180279604132832, -0.9949267557417856, 0.23946979491737586, 0.3975173257798288, 3.086279533283362, 0.4025972091211499]","[-1.35549551280788, -2.9934165264768944, 0.009261056263047743, -1.9698761781005167, 1.6602267511326534, 0.46062810527201303]","[0.0, 0.0, 0.0, 0.0, 0.0, 0.0]"
9.448000000000093,End E3 on D,"[0.01180279604132832, -0.9949267557417856, 0.23946979491737586, 0.3975173257798288, 3.086279533283362, 0.4025972091211499]","[-1.35549551280788, -2.9934165264768944, 0.009261056263047743, -1.9698761781005167, 1.6602267511326534, 0.46062810527201303]","[0.0, 0.0, 0.0, 0.0, 0.0, 0.0]"
9.463999999999942,Start F#3 on D,"[0.01180279604132832, -0.9949267557417856, 0.23946979491737586, 0.3975173257798288, 3.086279533283362, 0.4025972091211499]","[-1.35549551280788, -2.9934165264768944, 0.009261056263047743, -1.9698761781005167, 1.6602267511326534, 0.46062810527201303]","[0.0, 0.0, 0.0, 0.0, 0.0, 0.0]"
9.791999999999916,End F#3 on D,"[0.01180279604132832, -0.9949267557417856, 0.23946979491737586, 0.3975173257798288, 3.086279533283362, 0.4025972091211499]","[-1.35549551280788, -2.9934165264768944, 0.009261056263047743, -1.9698761781005167, 1.6602267511326534, 0.46062810527201303]","[0.0, 0.0, 0.0, 0.0, 0.0, 0.0]"
9.807999999999993,Start D3 on D,"[0.01180279604132832, -0.9949267557417856, 0.23946979491737586, 0.3975173257798288, 3.086279533283362, 0.4025972091211499]","[-1.35549551280788, -2.9934165264768944, 0.009261056263047743, -1.9698761781005167, 1.6602267511326534, 0.46062810527201303]","[0.0, 0.0, 0.0, 0.0, 0.0, 0.0]"
11.152000000000044,End D3 on D,"[0.01180279604132832, -0.9949267557417856, 0.23946979491737586, 0.3975173257798288, 3.086279533283362, 0.4025972091211499]","[-1.35549551280788, -2.9934165264768944, 0.009261056263047743, -1.9698761781005167, 1.6602267511326534, 0.46062810527201303]","[0.0, 0.0, 0.0, 0.0, 0.0, 0.0]"
11.16800000000012,Start transition on D-A,"[0.01180279604132832, -0.9949267557417856, 0.23946979491737586, 0.3975173257798288, 3.086279533283362, 0.4025972091211499]","[-1.35549551280788, -2.9934165264768944, 0.009261056263047743, -1.9698761781005167, 1.6602267511326534, 0.46062810527201303]","[0.0, 0.0, 0.0, 0.0, 0.0, 0.0]"
11.288000000000011,End transition on D-A,"[0.01180279604132832, -0.9949267557417856, 0.23946979491737586, 0.3975173257798288, 3.086279533283362, 0.4025972091211499]","[-1.35549551280788, -2.9934165264768944, 0.009261056263047743, -1.9698761781005167, 1.6602267511326534, 0.46062810527201303]","[0.0, 0.0, 0.0, 0.0, 0.0, 0.0]"
11.311999999999898,Start D4 on A,"[0.01180279604132832, -0.9949267557417856, 0.23946979491737586, 0.3975173257798288, 3.086279533283362, 0.4025972091211499]","[-1.35549551280788, -2.9934165264768944, 0.009261056263047743, -1.9698761781005167, 1.6602267511326534, 0.46062810527201303]","[0.0, 0.0, 0.0, 0.0, 0.0, 0.0]"
11.983999999999924,End D4 on A,"[0.01180279604132832, -0.9949267557417856, 0.23946979491737586, 0.3975173257798288, 3.086279533283362, 0.4025972091211499]","[-1.35549551280788, -2.9934165264768944, 0.009261056263047743, -1.9698761781005167, 1.6602267511326534, 0.46062810527201303]","[0.0, 0.0, 0.0, 0.0, 0.0, 0.0]"
12.0,Start D4 on A,"[0.01180279604132832, -0.9949267557417856, 0.23946979491737586, 0.3975173257798288, 3.086279533283362, 0.4025972091211499]","[-1.35549551280788, -2.9934165264768944, 0.009261056263047743, -1.9698761781005167, 1.6602267511326534, 0.46062810527201303]","[0.0, 0.0, 0.0, 0.0, 0.0, 0.0]"
12.672000000000025,End D4 on A,"[0.01180279604132832, -0.9949267557417856, 0.23946979491737586, 0.3975173257798288, 3.086279533283362, 0.4025972091211499]","[-1.35549551280788, -2.9934165264768944, 0.009261056263047743, -1.9698761781005167, 1.6602267511326534, 0.46062810527201303]","[0.0, 0.0, 0.0, 0.0, 0.0, 0.0]"
12.688000000000102,Start A3 on A,"[0.01180279604132832, -0.9949267557417856, 0.23946979491737586, 0.3975173257798288, 3.086279533283362, 0.4025972091211499]","[-1.35549551280788, -2.9934165264768944, 0.009261056263047743, -1.9698761781005167, 1.6602267511326534, 0.46062810527201303]","[0.0, 0.0, 0.0, 0.0, 0.0, 0.0]"
13.35200000000009,End A3 on A,"[0.01180279604132832, -0.9949267557417856, 0.23946979491737586, 0.3975173257798288, 3.086279533283362, 0.4025972091211499]","[-1.35549551280788, -2.9934165264768944, 0.009261056263047743, -1.9698761781005167, 1.6602267511326534, 0.46062810527201303]","[0.0, 0.0, 0.0, 0.0, 0.0, 0.0]"
13.367999999999938,Start A3 on A,"[0.01180279604132832, -0.9949267557417856, 0.23946979491737586, 0.3975173257798288, 3.086279533283362, 0.4025972091211499]","[-1.35549551280788, -2.9934165264768944, 0.009261056263047743, -1.9698761781005167, 1.6602267511326534, 0.46062810527201303]","[0.0, 0.0, 0.0, 0.0, 0.0, 0.0]"
14.031999999999925,End A3 on A,"[0.01180279604132832, -0.9949267557417856, 0.23946979491737586, 0.3975173257798288, 3.086279533283362, 0.4025972091211499]","[-1.35549551280788, -2.9934165264768944, 0.009261056263047743, -1.9698761781005167, 1.6602267511326534, 0.46062810527201303]","[0.0, 0.0, 0.0, 0.0, 0.0, 0.0]"
14.048000000000002,Start B3 on A,"[0.01180279604132832, -0.9949267557417856, 0.23946979491737586, 0.3975173257798288, 3.086279533283362, 0.4025972091211499]","[-1.35549551280788, -2.9934165264768944, 0.009261056263047743, -1.9698761781005167, 1.6602267511326534, 0.46062810527201303]","[0.0, 0.0, 0.0, 0.0, 0.0, 0.0]"
14.375999999999976,End B3 on A,"[0.01180279604132832, -0.9949267557417856, 0.23946979491737586, 0.3975173257798288, 3.086279533283362, 0.4025972091211499]","[-1.35549551280788, -2.9934165264768944, 0.009261056263047743, -1.9698761781005167, 1.6602267511326534, 0.46062810527201303]","[0.0, 0.0, 0.0, 0.0, 0.0, 0.0]"
14.392000000000053,Start C#4 on A,"[0.01180279604132832, -0.9949267557417856, 0.23946979491737586, 0.3975173257798288, 3.086279533283362, 0.4025972091211499]","[-1.35549551280788, -2.9934165264768944, 0.009261056263047743, -1.9698761781005167, 1.6602267511326534, 0.46062810527201303]","[0.0, 0.0, 0.0, 0.0, 0.0, 0.0]"
14.728000000000065,End C#4 on A,"[0.01180279604132832, -0.9949267557417856, 0.23946979491737586, 0.3975173257798288, 3.086279533283362, 0.4025972091211499]","[-1.35549551280788, -2.9934165264768944, 0.009261056263047743, -1.9698761781005167, 1.6602267511326534, 0.46062810527201303]","[0.0, 0.0, 0.0, 0.0, 0.0, 0.0]"
14.743999999999915,Start D4 on A,"[0.01180279604132832, -0.9949267557417856, 0.23946979491737586, 0.3975173257798288, 3.086279533283362, 0.4025972091211499]","[-1.35549551280788, -2.9934165264768944, 0.009261056263047743, -1.9698761781005167, 1.6602267511326534, 0.46062810527201303]","[0.0, 0.0, 0.0, 0.0, 0.0, 0.0]"
15.079999999999927,End D4 on A,"[0.01180279604132832, -0.9949267557417856, 0.23946979491737586, 0.3975173257798288, 3.086279533283362, 0.4025972091211499]","[-1.35549551280788, -2.9934165264768944, 0.009261056263047743, -1.9698761781005167, 1.6602267511326534, 0.46062810527201303]","[0.0, 0.0, 0.0, 0.0, 0.0, 0.0]"
15.096000000000004,Start B3 on A,"[0.01180279604132832, -0.9949267557417856, 0.23946979491737586, 0.3975173257798288, 3.086279533283362, 0.4025972091211499]","[-1.35549551280788, -2.9934165264768944, 0.009261056263047743, -1.9698761781005167, 1.6602267511326534, 0.46062810527201303]","[0.0, 0.0, 0.0, 0.0, 0.0, 0.0]"
15.423999999999978,End B3 on A,"[0.01180279604132832, -0.9949267557417856, 0.23946979491737586, 0.3975173257798288, 3.086279533283362, 0.4025972091211499]","[-1.35549551280788, -2.9934165264768944, 0.009261056263047743, -1.9698761781005167, 1.6602267511326534, 0.46062810527201303]","[0.0, 0.0, 0.0, 0.0, 0.0, 0.0]"
15.440000000000055,Start A3 on A,"[0.01180279604132832, -0.9949267557417856, 0.23946979491737586, 0.3975173257798288, 3.086279533283362, 0.4025972091211499]","[-1.35549551280788, -2.9934165264768944, 0.009261056263047743, -1.9698761781005167, 1.6602267511326534, 0.46062810527201303]","[0.0, 0.0, 0.0, 0.0, 0.0, 0.0]"
16.104000000000042,End A3 on A,"[0.01180279604132832, -0.9949267557417856, 0.23946979491737586, 0.3975173257798288, 3.086279533283362, 0.4025972091211499]","[-1.35549551280788, -2.9934165264768944, 0.009261056263047743, -1.9698761781005167, 1.6602267511326534, 0.46062810527201303]","[0.0, 0.0, 0.0, 0.0, 0.0, 0.0]"
16.12000000000012,Start A3 on A,"[0.01180279604132832, -0.9949267557417856, 0.23946979491737586, 0.3975173257798288, 3.086279533283362, 0.4025972091211499]","[-1.35549551280788, -2.9934165264768944, 0.009261056263047743, -1.9698761781005167, 1.6602267511326534, 0.46062810527201303]","[0.0, 0.0, 0.0, 0.0, 0.0, 0.0]"
16.784000000000106,End A3 on A,"[0.01180279604132832, -0.9949267557417856, 0.23946979491737586, 0.3975173257798288, 3.086279533283362, 0.4025972091211499]","[-1.35549551280788, -2.9934165264768944, 0.009261056263047743, -1.9698761781005167, 1.6602267511326534, 0.46062810527201303]","[0.0, 0.0, 0.0, 0.0, 0.0, 0.0]"
16.799999999999955,Start transition on A-D,"[0.01180279604132832, -0.9949267557417856, 0.23946979491737586, 0.3975173257798288, 3.086279533283362, 0.4025972091211499]","[-1.35549551280788, -2.9934165264768944, 0.009261056263047743, -1.9698761781005167, 1.6602267511326534, 0.46062810527201303]","[0.0, 0.0, 0.0, 0.0, 0.0, 0.0]"
16.92800000000011,End transition on A-D,"[0.01180279604132832, -0.9949267557417856, 0.23946979491737586, 0.3975173257798288, 3.086279533283362, 0.4025972091211499]","[-1.35549551280788, -2.9934165264768944, 0.009261056263047743, -1.9698761781005167, 1.6602267511326534, 0.46062810527201303]","[0.0, 0.0, 0.0, 0.0, 0.0, 0.0]"
16.94399999999996,Start G3 on D,"[0.01180279604132832, -0.9949267557417856, 0.23946979491737586, 0.3975173257798288, 3.086279533283362, 0.4025972091211499]","[-1.35549551280788, -2.9934165264768944, 0.009261056263047743, -1.9698761781005167, 1.6602267511326534, 0.46062810527201303]","[0.0, 0.0, 0.0, 0.0, 0.0, 0.0]"
17.607999999999947,End G3 on D,"[0.01180279604132832, -0.9949267557417856, 0.23946979491737586, 0.3975173257798288, 3.086279533283362, 0.4025972091211499]","[-1.35549551280788, -2.9934165264768944, 0.009261056263047743, -1.9698761781005167, 1.6602267511326534, 0.46062810527201303]","[0.0, 0.0, 0.0, 0.0, 0.0, 0.0]"
17.624000000000024,Start G3 on D,"[0.01180279604132832, -0.9949267557417856, 0.23946979491737586, 0.3975173257798288, 3.086279533283362, 0.4025972091211499]","[-1.35549551280788, -2.9934165264768944, 0.009261056263047743, -1.9698761781005167, 1.6602267511326534, 0.46062810527201303]","[0.0, 0.0, 0.0, 0.0, 0.0, 0.0]"
18.28800000000001,End G3 on D,"[0.01180279604132832, -0.9949267557417856, 0.23946979491737586, 0.3975173257798288, 3.086279533283362, 0.4025972091211499]","[-1.35549551280788, -2.9934165264768944, 0.009261056263047743, -1.9698761781005167, 1.6602267511326534, 0.46062810527201303]","[0.0, 0.0, 0.0, 0.0, 0.0, 0.0]"
18.304000000000087,Start F#3 on D,"[0.01180279604132832, -0.9949267557417856, 0.23946979491737586, 0.3975173257798288, 3.086279533283362, 0.4025972091211499]","[-1.35549551280788, -2.9934165264768944, 0.009261056263047743, -1.9698761781005167, 1.6602267511326534, 0.46062810527201303]","[0.0, 0.0, 0.0, 0.0, 0.0, 0.0]"
18.968000000000075,End F#3 on D,"[0.01180279604132832, -0.9949267557417856, 0.23946979491737586, 0.3975173257798288, 3.086279533283362, 0.4025972091211499]","[-1.35549551280788, -2.9934165264768944, 0.009261056263047743, -1.9698761781005167, 1.6602267511326534, 0.46062810527201303]","[0.0, 0.0, 0.0, 0.0, 0.0, 0.0]"
18.983999999999924,Start F#3 on D,"[0.01180279604132832, -0.9949267557417856, 0.23946979491737586, 0.3975173257798288, 3.086279533283362, 0.4025972091211499]","[-1.35549551280788, -2.9934165264768944, 0.009261056263047743, -1.9698761781005167, 1.6602267511326534, 0.46062810527201303]","[0.0, 0.0, 0.0, 0.0, 0.0, 0.0]"
19.64799999999991,End F#3 on D,"[0.01180279604132832, -0.9949267557417856, 0.23946979491737586, 0.3975173257798288, 3.086279533283362, 0.4025972091211499]","[-1.35549551280788, -2.9934165264768944, 0.009261056263047743, -1.9698761781005167, 1.6602267511326534, 0.46062810527201303]","[0.0, 0.0, 0.0, 0.0, 0.0, 0.0]"
19.663999999999987,Start E3 on D,"[0.01180279604132832, -0.9949267557417856, 0.23946979491737586, 0.3975173257798288, 3.086279533283362, 0.4025972091211499]","[-1.35549551280788, -2.9934165264768944, 0.009261056263047743, -1.9698761781005167, 1.6602267511326534, 0.46062810527201303]","[0.0, 0.0, 0.0, 0.0, 0.0, 0.0]"
19.991999999999962,End E3 on D,"[0.01180279604132832, -0.9949267557417856, 0.23946979491737586, 0.3975173257798288, 3.086279533283362, 0.4025972091211499]","[-1.35549551280788, -2.9934165264768944, 0.009261056263047743, -1.9698761781005167, 1.6602267511326534, 0.46062810527201303]","[0.0, 0.0, 0.0, 0.0, 0.0, 0.0]"
20.008000000000038,Start D3 on D,"[0.01180279604132832, -0.9949267557417856, 0.23946979491737586, 0.3975173257798288, 3.086279533283362, 0.4025972091211499]","[-1.35549551280788, -2.9934165264768944, 0.009261056263047743, -1.9698761781005167, 1.6602267511326534, 0.46062810527201303]","[0.0, 0.0, 0.0, 0.0, 0.0, 0.0]"
20.34400000000005,End D3 on D,"[0.01180279604132832, -0.9949267557417856, 0.23946979491737586, 0.3975173257798288, 3.086279533283362, 0.4025972091211499]","[-1.35549551280788, -2.9934165264768944, 0.009261056263047743, -1.9698761781005167, 1.6602267511326534, 0.46062810527201303]","[0.0, 0.0, 0.0, 0.0, 0.0, 0.0]"
20.3599999999999,Start E3 on D,"[0.01180279604132832, -0.9949267557417856, 0.23946979491737586, 0.3975173257798288, 3.086279533283362, 0.4025972091211499]","[-1.35549551280788, -2.9934165264768944, 0.009261056263047743, -1.9698761781005167, 1.6602267511326534, 0.46062810527201303]","[0.0, 0.0, 0.0, 0.0, 0.0, 0.0]"
20.695999999999913,End E3 on D,"[0.01180279604132832, -0.9949267557417856, 0.23946979491737586, 0.3975173257798288, 3.086279533283362, 0.4025972091211499]","[-1.35549551280788, -2.9934165264768944, 0.009261056263047743, -1.9698761781005167, 1.6602267511326534, 0.46062810527201303]","[0.0, 0.0, 0.0, 0.0, 0.0, 0.0]"
20.71199999999999,Start F#3 on D,"[0.01180279604132832, -0.9949267557417856, 0.23946979491737586, 0.3975173257798288, 3.086279533283362, 0.4025972091211499]","[-1.35549551280788, -2.9934165264768944, 0.009261056263047743, -1.9698761781005167, 1.6602267511326534, 0.46062810527201303]","[0.0, 0.0, 0.0, 0.0, 0.0, 0.0]"
21.039999999999964,End F#3 on D,"[0.01180279604132832, -0.9949267557417856, 0.23946979491737586, 0.3975173257798288, 3.086279533283362, 0.4025972091211499]","[-1.35549551280788, -2.9934165264768944, 0.009261056263047743, -1.9698761781005167, 1.6602267511326534, 0.46062810527201303]","[0.0, 0.0, 0.0, 0.0, 0.0, 0.0]"
21.05600000000004,Start D3 on D,"[0.01180279604132832, -0.9949267557417856, 0.23946979491737586, 0.3975173257798288, 3.086279533283362, 0.4025972091211499]","[-1.35549551280788, -2.9934165264768944, 0.009261056263047743, -1.9698761781005167, 1.6602267511326534, 0.46062810527201303]","[0.0, 0.0, 0.0, 0.0, 0.0, 0.0]"
22.392000000000053,End D3 on D,"[0.01180279604132832, -0.9949267557417856, 0.23946979491737586, 0.3975173257798288, 3.086279533283362, 0.4025972091211499]","[-1.35549551280788, -2.9934165264768944, 0.009261056263047743, -1.9698761781005167, 1.6602267511326534, 0.46062810527201303]","[0.0, 0.0, 0.0, 0.0, 0.0, 0.0]"
22.4079999999999,Start transition on D-A,"[0.01180279604132832, -0.9949267557417856, 0.23946979491737586, 0.3975173257798288, 3.086279533283362, 0.4025972091211499]","[-1.35549551280788, -2.9934165264768944, 0.009261056263047743, -1.9698761781005167, 1.6602267511326534, 0.46062810527201303]","[0.0, 0.0, 0.0, 0.0, 0.0, 0.0]"
22.536000000000058,End transition on D-A,"[0.01180279604132832, -0.9949267557417856, 0.23946979491737586, 0.3975173257798288, 3.086279533283362, 0.4025972091211499]","[-1.35549551280788, -2.9934165264768944, 0.009261056263047743, -1.9698761781005167, 1.6602267511326534, 0.46062810527201303]","[0.0, 0.0, 0.0, 0.0, 0.0, 0.0]"
22.551999999999907,Start B3 on A,"[0.01180279604132832, -0.9949267557417856, 0.23946979491737586, 0.3975173257798288, 3.086279533283362, 0.4025972091211499]","[-1.35549551280788, -2.9934165264768944, 0.009261056263047743, -1.9698761781005167, 1.6602267511326534, 0.46062810527201303]","[0.0, 0.0, 0.0, 0.0, 0.0, 0.0]"
23.216000000000122,End B3 on A,"[0.01180279604132832, -0.9949267557417856, 0.23946979491737586, 0.3975173257798288, 3.086279533283362, 0.4025972091211499]","[-1.35549551280788, -2.9934165264768944, 0.009261056263047743, -1.9698761781005167, 1.6602267511326534, 0.46062810527201303]","[0.0, 0.0, 0.0, 0.0, 0.0, 0.0]"
23.23199999999997,Start B3 on A,"[0.01180279604132832, -0.9949267557417856, 0.23946979491737586, 0.3975173257798288, 3.086279533283362, 0.4025972091211499]","[-1.35549551280788, -2.9934165264768944, 0.009261056263047743, -1.9698761781005167, 1.6602267511326534, 0.46062810527201303]","[0.0, 0.0, 0.0, 0.0, 0.0, 0.0]"
23.895999999999958,End B3 on A,"[0.01180279604132832, -0.9949267557417856, 0.23946979491737586, 0.3975173257798288, 3.086279533283362, 0.4025972091211499]","[-1.35549551280788, -2.9934165264768944, 0.009261056263047743, -1.9698761781005167, 1.6602267511326534, 0.46062810527201303]","[0.0, 0.0, 0.0, 0.0, 0.0, 0.0]"
23.912000000000035,Start A3 on A,"[0.01180279604132832, -0.9949267557417856, 0.23946979491737586, 0.3975173257798288, 3.086279533283362, 0.4025972091211499]","[-1.35549551280788, -2.9934165264768944, 0.009261056263047743, -1.9698761781005167, 1.6602267511326534, 0.46062810527201303]","[0.0, 0.0, 0.0, 0.0, 0.0, 0.0]"
24.576000000000022,End A3 on A,"[0.01180279604132832, -0.9949267557417856, 0.23946979491737586, 0.3975173257798288, 3.086279533283362, 0.4025972091211499]","[-1.35549551280788, -2.9934165264768944, 0.009261056263047743, -1.9698761781005167, 1.6602267511326534, 0.46062810527201303]","[0.0, 0.0, 0.0, 0.0, 0.0, 0.0]"
24.5920000000001,Start transition on A-D,"[0.01180279604132832, -0.9949267557417856, 0.23946979491737586, 0.3975173257798288, 3.086279533283362, 0.4025972091211499]","[-1.35549551280788, -2.9934165264768944, 0.009261056263047743, -1.9698761781005167, 1.6602267511326534, 0.46062810527201303]","[0.0, 0.0, 0.0, 0.0, 0.0, 0.0]"
24.688000000000102,End transition on A-D,"[0.01180279604132832, -0.9949267557417856, 0.23946979491737586, 0.3975173257798288, 3.086279533283362, 0.4025972091211499]","[-1.35549551280788, -2.9934165264768944, 0.009261056263047743, -1.9698761781005167, 1.6602267511326534, 0.46062810527201303]","[0.0, 0.0, 0.0, 0.0, 0.0, 0.0]"
24.71199999999999,Start D3 on D,"[0.01180279604132832, -0.9949267557417856, 0.23946979491737586, 0.3975173257798288, 3.086279533283362, 0.4025972091211499]","[-1.35549551280788, -2.9934165264768944, 0.009261056263047743, -1.9698761781005167, 1.6602267511326534, 0.46062810527201303]","[0.0, 0.0, 0.0, 0.0, 0.0, 0.0]"
25.384000000000015,End D3 on D,"[0.01180279604132832, -0.9949267557417856, 0.23946979491737586, 0.3975173257798288, 3.086279533283362, 0.4025972091211499]","[-1.35549551280788, -2.9934165264768944, 0.009261056263047743, -1.9698761781005167, 1.6602267511326534, 0.46062810527201303]","[0.0, 0.0, 0.0, 0.0, 0.0, 0.0]"
25.440000000000055,Start transition on D-A,"[0.01180279604132832, -0.9949267557417856, 0.23946979491737586, 0.3975173257798288, 3.086279533283362, 0.4025972091211499]","[-1.35549551280788, -2.9934165264768944, 0.009261056263047743, -1.9698761781005167, 1.6602267511326534, 0.46062810527201303]","[0.0, 0.0, 0.0, 0.0, 0.0, 0.0]"
25.58400000000006,End transition on D-A,"[0.01180279604132832, -0.9949267557417856, 0.23946979491737586, 0.3975173257798288, 3.086279533283362, 0.4025972091211499]","[-1.35549551280788, -2.9934165264768944, 0.009261056263047743, -1.9698761781005167, 1.6602267511326534, 0.46062810527201303]","[0.0, 0.0, 0.0, 0.0, 0.0, 0.0]"
25.59999999999991,Start B3 on A,"[0.01180279604132832, -0.9949267557417856, 0.23946979491737586, 0.3975173257798288, 3.086279533283362, 0.4025972091211499]","[-1.35549551280788, -2.9934165264768944, 0.009261056263047743, -1.9698761781005167, 1.6602267511326534, 0.46062810527201303]","[0.0, 0.0, 0.0, 0.0, 0.0, 0.0]"
26.264000000000124,End B3 on A,"[0.01180279604132832, -0.9949267557417856, 0.23946979491737586, 0.3975173257798288, 3.086279533283362, 0.4025972091211499]","[-1.35549551280788, -2.9934165264768944, 0.009261056263047743, -1.9698761781005167, 1.6602267511326534, 0.46062810527201303]","[0.0, 0.0, 0.0, 0.0, 0.0, 0.0]"
26.279999999999973,Start B3 on A,"[0.01180279604132832, -0.9949267557417856, 0.23946979491737586, 0.3975173257798288, 3.086279533283362, 0.4025972091211499]","[-1.35549551280788, -2.9934165264768944, 0.009261056263047743, -1.9698761781005167, 1.6602267511326534, 0.46062810527201303]","[0.0, 0.0, 0.0, 0.0, 0.0, 0.0]"
26.951999999999998,End B3 on A,"[0.01180279604132832, -0.9949267557417856, 0.23946979491737586, 0.3975173257798288, 3.086279533283362, 0.4025972091211499]","[-1.35549551280788, -2.9934165264768944, 0.009261056263047743, -1.9698761781005167, 1.6602267511326534, 0.46062810527201303]","[0.0, 0.0, 0.0, 0.0, 0.0, 0.0]"
26.968000000000075,Start A3 on A,"[0.01180279604132832, -0.9949267557417856, 0.23946979491737586, 0.3975173257798288, 3.086279533283362, 0.4025972091211499]","[-1.35549551280788, -2.9934165264768944, 0.009261056263047743, -1.9698761781005167, 1.6602267511326534, 0.46062810527201303]","[0.0, 0.0, 0.0, 0.0, 0.0, 0.0]"
27.6400000000001,End A3 on A,"[0.01180279604132832, -0.9949267557417856, 0.23946979491737586, 0.3975173257798288, 3.086279533283362, 0.4025972091211499]","[-1.35549551280788, -2.9934165264768944, 0.009261056263047743, -1.9698761781005167, 1.6602267511326534, 0.46062810527201303]","[0.0, 0.0, 0.0, 0.0, 0.0, 0.0]"
27.65599999999995,Start transition on A-D,"[0.01180279604132832, -0.9949267557417856, 0.23946979491737586, 0.3975173257798288, 3.086279533283362, 0.4025972091211499]","[-1.35549551280788, -2.9934165264768944, 0.009261056263047743, -1.9698761781005167, 1.6602267511326534, 0.46062810527201303]","[0.0, 0.0, 0.0, 0.0, 0.0, 0.0]"
27.743999999999915,End transition on A-D,"[0.01180279604132832, -0.9949267557417856, 0.23946979491737586, 0.3975173257798288, 3.086279533283362, 0.4025972091211499]","[-1.35549551280788, -2.9934165264768944, 0.009261056263047743, -1.9698761781005167, 1.6602267511326534, 0.46062810527201303]","[0.0, 0.0, 0.0, 0.0, 0.0, 0.0]"
27.799999999999955,Start D3 on D,"[0.01180279604132832, -0.9949267557417856, 0.23946979491737586, 0.3975173257798288, 3.086279533283362, 0.4025972091211499]","[-1.35549551280788, -2.9934165264768944, 0.009261056263047743, -1.9698761781005167, 1.6602267511326534, 0.46062810527201303]","[0.0, 0.0, 0.0, 0.0, 0.0, 0.0]"
28.448000000000093,End D3 on D,"[0.01180279604132832, -0.9949267557417856, 0.23946979491737586, 0.3975173257798288, 3.086279533283362, 0.4025972091211499]","[-1.35549551280788, -2.9934165264768944, 0.009261056263047743, -1.9698761781005167, 1.6602267511326534, 0.46062810527201303]","[0.0, 0.0, 0.0, 0.0, 0.0, 0.0]"
28.463999999999942,Start transition on D-A,"[0.01180279604132832, -0.9949267557417856, 0.23946979491737586, 0.3975173257798288, 3.086279533283362, 0.4025972091211499]","[-1.35549551280788, -2.9934165264768944, 0.009261056263047743, -1.9698761781005167, 1.6602267511326534, 0.46062810527201303]","[0.0, 0.0, 0.0, 0.0, 0.0, 0.0]"
28.64799999999991,End transition on D-A,"[0.01180279604132832, -0.9949267557417856, 0.23946979491737586, 0.3975173257798288, 3.086279533283362, 0.4025972091211499]","[-1.35549551280788, -2.9934165264768944, 0.009261056263047743, -1.9698761781005167, 1.6602267511326534, 0.46062810527201303]","[0.0, 0.0, 0.0, 0.0, 0.0, 0.0]"
28.663999999999987,Start B3 on A,"[0.01180279604132832, -0.9949267557417856, 0.23946979491737586, 0.3975173257798288, 3.086279533283362, 0.4025972091211499]","[-1.35549551280788, -2.9934165264768944, 0.009261056263047743, -1.9698761781005167, 1.6602267511326534, 0.46062810527201303]","[0.0, 0.0, 0.0, 0.0, 0.0, 0.0]"
29.327999999999975,End B3 on A,"[0.01180279604132832, -0.9949267557417856, 0.23946979491737586, 0.3975173257798288, 3.086279533283362, 0.4025972091211499]","[-1.35549551280788, -2.9934165264768944, 0.009261056263047743, -1.9698761781005167, 1.6602267511326534, 0.46062810527201303]","[0.0, 0.0, 0.0, 0.0, 0.0, 0.0]"
29.34400000000005,Start C#4 on A,"[0.01180279604132832, -0.9949267557417856, 0.23946979491737586, 0.3975173257798288, 3.086279533283362, 0.4025972091211499]","[-1.35549551280788, -2.9934165264768944, 0.009261056263047743, -1.9698761781005167, 1.6602267511326534, 0.46062810527201303]","[0.0, 0.0, 0.0, 0.0, 0.0, 0.0]"
30.008000000000038,End C#4 on A,"[0.01180279604132832, -0.9949267557417856, 0.23946979491737586, 0.3975173257798288, 3.086279533283362, 0.4025972091211499]","[-1.35549551280788, -2.9934165264768944, 0.009261056263047743, -1.9698761781005167, 1.6602267511326534, 0.46062810527201303]","[0.0, 0.0, 0.0, 0.0, 0.0, 0.0]"
30.024000000000115,Start D4 on A,"[0.01180279604132832, -0.9949267557417856, 0.23946979491737586, 0.3975173257798288, 3.086279533283362, 0.4025972091211499]","[-1.35549551280788, -2.9934165264768944, 0.009261056263047743, -1.9698761781005167, 1.6602267511326534, 0.46062810527201303]","[0.0, 0.0, 0.0, 0.0, 0.0, 0.0]"
30.632000000000062,End D4 on A,"[0.01180279604132832, -0.9949267557417856, 0.23946979491737586, 0.3975173257798288, 3.086279533283362, 0.4025972091211499]","[-1.35549551280788, -2.9934165264768944, 0.009261056263047743, -1.9698761781005167, 1.6602267511326534, 0.46062810527201303]","[0.0, 0.0, 0.0, 0.0, 0.0, 0.0]"
30.672000000000025,Start B3 on A,"[0.01180279604132832, -0.9949267557417856, 0.23946979491737586, 0.3975173257798288, 3.086279533283362, 0.4025972091211499]","[-1.35549551280788, -2.9934165264768944, 0.009261056263047743, -1.9698761781005167, 1.6602267511326534, 0.46062810527201303]","[0.0, 0.0, 0.0, 0.0, 0.0, 0.0]"
31.336000000000013,End B3 on A,"[0.01180279604132832, -0.9949267557417856, 0.23946979491737586, 0.3975173257798288, 3.086279533283362, 0.4025972091211499]","[-1.35549551280788, -2.9934165264768944, 0.009261056263047743, -1.9698761781005167, 1.6602267511326534, 0.46062810527201303]","[0.0, 0.0, 0.0, 0.0, 0.0, 0.0]"
31.392000000000053,Start A3 on A,"[0.01180279604132832, -0.9949267557417856, 0.23946979491737586, 0.3975173257798288, 3.086279533283362, 0.4025972091211499]","[-1.35549551280788, -2.9934165264768944, 0.009261056263047743, -1.9698761781005167, 1.6602267511326534, 0.46062810527201303]","[0.0, 0.0, 0.0, 0.0, 0.0, 0.0]"
32.039999999999964,End A3 on A,"[0.01180279604132832, -0.9949267557417856, 0.23946979491737586, 0.3975173257798288, 3.086279533283362, 0.4025972091211499]","[-1.35549551280788, -2.9934165264768944, 0.009261056263047743, -1.9698761781005167, 1.6602267511326534, 0.46062810527201303]","[0.0, 0.0, 0.0, 0.0, 0.0, 0.0]"
32.072000000000116,Start transition on A-D,"[0.01180279604132832, -0.9949267557417856, 0.23946979491737586, 0.3975173257798288, 3.086279533283362, 0.4025972091211499]","[-1.35549551280788, -2.9934165264768944, 0.009261056263047743, -1.9698761781005167, 1.6602267511326534, 0.46062810527201303]","[0.0, 0.0, 0.0, 0.0, 0.0, 0.0]"
32.24000000000001,End transition on A-D,"[0.01180279604132832, -0.9949267557417856, 0.23946979491737586, 0.3975173257798288, 3.086279533283362, 0.4025972091211499]","[-1.35549551280788, -2.9934165264768944, 0.009261056263047743, -1.9698761781005167, 1.6602267511326534, 0.46062810527201303]","[0.0, 0.0, 0.0, 0.0, 0.0, 0.0]"
32.256000000000085,Start F#3 on D,"[0.01180279604132832, -0.9949267557417856, 0.23946979491737586, 0.3975173257798288, 3.086279533283362, 0.4025972091211499]","[-1.35549551280788, -2.9934165264768944, 0.009261056263047743, -1.9698761781005167, 1.6602267511326534, 0.46062810527201303]","[0.0, 0.0, 0.0, 0.0, 0.0, 0.0]"
32.92000000000007,End F#3 on D,"[0.01180279604132832, -0.9949267557417856, 0.23946979491737586, 0.3975173257798288, 3.086279533283362, 0.4025972091211499]","[-1.35549551280788, -2.9934165264768944, 0.009261056263047743, -1.9698761781005167, 1.6602267511326534, 0.46062810527201303]","[0.0, 0.0, 0.0, 0.0, 0.0, 0.0]"
32.93599999999992,Start E3 on D,"[0.01180279604132832, -0.9949267557417856, 0.23946979491737586, 0.3975173257798288, 3.086279533283362, 0.4025972091211499]","[-1.35549551280788, -2.9934165264768944, 0.009261056263047743, -1.9698761781005167, 1.6602267511326534, 0.46062810527201303]","[0.0, 0.0, 0.0, 0.0, 0.0, 0.0]"
34.271999999999935,End E3 on D,"[0.01180279604132832, -0.9949267557417856, 0.23946979491737586, 0.3975173257798288, 3.086279533283362, 0.4025972091211499]","[-1.35549551280788, -2.9934165264768944, 0.009261056263047743, -1.9698761781005167, 1.6602267511326534, 0.46062810527201303]","[0.0, 0.0, 0.0, 0.0, 0.0, 0.0]"
34.28800000000001,Start transition on D-A,"[0.01180279604132832, -0.9949267557417856, 0.23946979491737586, 0.3975173257798288, 3.086279533283362, 0.4025972091211499]","[-1.35549551280788, -2.9934165264768944, 0.009261056263047743, -1.9698761781005167, 1.6602267511326534, 0.46062810527201303]","[0.0, 0.0, 0.0, 0.0, 0.0, 0.0]"
34.42399999999998,End transition on D-A,"[0.01180279604132832, -0.9949267557417856, 0.23946979491737586, 0.3975173257798288, 3.086279533283362, 0.4025972091211499]","[-1.35549551280788, -2.9934165264768944, 0.009261056263047743, -1.9698761781005167, 1.6602267511326534, 0.46062810527201303]","[0.0, 0.0, 0.0, 0.0, 0.0, 0.0]"
34.440000000000055,Start D4 on A,"[0.01180279604132832, -0.9949267557417856, 0.23946979491737586, 0.3975173257798288, 3.086279533283362, 0.4025972091211499]","[-1.35549551280788, -2.9934165264768944, 0.009261056263047743, -1.9698761781005167, 1.6602267511326534, 0.46062810527201303]","[0.0, 0.0, 0.0, 0.0, 0.0, 0.0]"
35.11200000000008,End D4 on A,"[0.01180279604132832, -0.9949267557417856, 0.23946979491737586, 0.3975173257798288, 3.086279533283362, 0.4025972091211499]","[-1.35549551280788, -2.9934165264768944, 0.009261056263047743, -1.9698761781005167, 1.6602267511326534, 0.46062810527201303]","[0.0, 0.0, 0.0, 0.0, 0.0, 0.0]"
35.12799999999993,Start D4 on A,"[0.01180279604132832, -0.9949267557417856, 0.23946979491737586, 0.3975173257798288, 3.086279533283362, 0.4025972091211499]","[-1.35549551280788, -2.9934165264768944, 0.009261056263047743, -1.9698761781005167, 1.6602267511326534, 0.46062810527201303]","[0.0, 0.0, 0.0, 0.0, 0.0, 0.0]"
35.791999999999916,End D4 on A,"[0.01180279604132832, -0.9949267557417856, 0.23946979491737586, 0.3975173257798288, 3.086279533283362, 0.4025972091211499]","[-1.35549551280788, -2.9934165264768944, 0.009261056263047743, -1.9698761781005167, 1.6602267511326534, 0.46062810527201303]","[0.0, 0.0, 0.0, 0.0, 0.0, 0.0]"
35.80799999999999,Start A3 on A,"[0.01180279604132832, -0.9949267557417856, 0.23946979491737586, 0.3975173257798288, 3.086279533283362, 0.4025972091211499]","[-1.35549551280788, -2.9934165264768944, 0.009261056263047743, -1.9698761781005167, 1.6602267511326534, 0.46062810527201303]","[0.0, 0.0, 0.0, 0.0, 0.0, 0.0]"
36.47199999999998,End A3 on A,"[0.01180279604132832, -0.9949267557417856, 0.23946979491737586, 0.3975173257798288, 3.086279533283362, 0.4025972091211499]","[-1.35549551280788, -2.9934165264768944, 0.009261056263047743, -1.9698761781005167, 1.6602267511326534, 0.46062810527201303]","[0.0, 0.0, 0.0, 0.0, 0.0, 0.0]"
36.488000000000056,Start A3 on A,"[0.01180279604132832, -0.9949267557417856, 0.23946979491737586, 0.3975173257798288, 3.086279533283362, 0.4025972091211499]","[-1.35549551280788, -2.9934165264768944, 0.009261056263047743, -1.9698761781005167, 1.6602267511326534, 0.46062810527201303]","[0.0, 0.0, 0.0, 0.0, 0.0, 0.0]"
37.152000000000044,End A3 on A,"[0.01180279604132832, -0.9949267557417856, 0.23946979491737586, 0.3975173257798288, 3.086279533283362, 0.4025972091211499]","[-1.35549551280788, -2.9934165264768944, 0.009261056263047743, -1.9698761781005167, 1.6602267511326534, 0.46062810527201303]","[0.0, 0.0, 0.0, 0.0, 0.0, 0.0]"
37.16800000000012,Start B3 on A,"[0.01180279604132832, -0.9949267557417856, 0.23946979491737586, 0.3975173257798288, 3.086279533283362, 0.4025972091211499]","[-1.35549551280788, -2.9934165264768944, 0.009261056263047743, -1.9698761781005167, 1.6602267511326534, 0.46062810527201303]","[0.0, 0.0, 0.0, 0.0, 0.0, 0.0]"
37.503999999999905,End B3 on A,"[0.01180279604132832, -0.9949267557417856, 0.23946979491737586, 0.3975173257798288, 3.086279533283362, 0.4025972091211499]","[-1.35549551280788, -2.9934165264768944, 0.009261056263047743, -1.9698761781005167, 1.6602267511326534, 0.46062810527201303]","[0.0, 0.0, 0.0, 0.0, 0.0, 0.0]"
37.51999999999998,Start C#4 on A,"[0.01180279604132832, -0.9949267557417856, 0.23946979491737586, 0.3975173257798288, 3.086279533283362, 0.4025972091211499]","[-1.35549551280788, -2.9934165264768944, 0.009261056263047743, -1.9698761781005167, 1.6602267511326534, 0.46062810527201303]","[0.0, 0.0, 0.0, 0.0, 0.0, 0.0]"
37.855999999999995,End C#4 on A,"[0.01180279604132832, -0.9949267557417856, 0.23946979491737586, 0.3975173257798288, 3.086279533283362, 0.4025972091211499]","[-1.35549551280788, -2.9934165264768944, 0.009261056263047743, -1.9698761781005167, 1.6602267511326534, 0.46062810527201303]","[0.0, 0.0, 0.0, 0.0, 0.0, 0.0]"
37.87200000000007,Start D4 on A,"[0.01180279604132832, -0.9949267557417856, 0.23946979491737586, 0.3975173257798288, 3.086279533283362, 0.4025972091211499]","[-1.35549551280788, -2.9934165264768944, 0.009261056263047743, -1.9698761781005167, 1.6602267511326534, 0.46062810527201303]","[0.0, 0.0, 0.0, 0.0, 0.0, 0.0]"
38.208000000000084,End D4 on A,"[0.01180279604132832, -0.9949267557417856, 0.23946979491737586, 0.3975173257798288, 3.086279533283362, 0.4025972091211499]","[-1.35549551280788, -2.9934165264768944, 0.009261056263047743, -1.9698761781005167, 1.6602267511326534, 0.46062810527201303]","[0.0, 0.0, 0.0, 0.0, 0.0, 0.0]"
38.22399999999993,Start B3 on A,"[0.01180279604132832, -0.9949267557417856, 0.23946979491737586, 0.3975173257798288, 3.086279533283362, 0.4025972091211499]","[-1.35549551280788, -2.9934165264768944, 0.009261056263047743, -1.9698761781005167, 1.6602267511326534, 0.46062810527201303]","[0.0, 0.0, 0.0, 0.0, 0.0, 0.0]"
38.559999999999945,End B3 on A,"[0.01180279604132832, -0.9949267557417856, 0.23946979491737586, 0.3975173257798288, 3.086279533283362, 0.4025972091211499]","[-1.35549551280788, -2.9934165264768944, 0.009261056263047743, -1.9698761781005167, 1.6602267511326534, 0.46062810527201303]","[0.0, 0.0, 0.0, 0.0, 0.0, 0.0]"
38.57600000000002,Start A3 on A,"[0.01180279604132832, -0.9949267557417856, 0.23946979491737586, 0.3975173257798288, 3.086279533283362, 0.4025972091211499]","[-1.35549551280788, -2.9934165264768944, 0.009261056263047743, -1.9698761781005167, 1.6602267511326534, 0.46062810527201303]","[0.0, 0.0, 0.0, 0.0, 0.0, 0.0]"
39.24000000000001,End A3 on A,"[0.01180279604132832, -0.9949267557417856, 0.23946979491737586, 0.3975173257798288, 3.086279533283362, 0.4025972091211499]","[-1.35549551280788, -2.9934165264768944, 0.009261056263047743, -1.9698761781005167, 1.6602267511326534, 0.46062810527201303]","[0.0, 0.0, 0.0, 0.0, 0.0, 0.0]"
39.256000000000085,Start A3 on A,"[0.01180279604132832, -0.9949267557417856, 0.23946979491737586, 0.3975173257798288, 3.086279533283362, 0.4025972091211499]","[-1.35549551280788, -2.9934165264768944, 0.009261056263047743, -1.9698761781005167, 1.6602267511326534, 0.46062810527201303]","[0.0, 0.0, 0.0, 0.0, 0.0, 0.0]"
39.92000000000007,End A3 on A,"[0.01180279604132832, -0.9949267557417856, 0.23946979491737586, 0.3975173257798288, 3.086279533283362, 0.4025972091211499]","[-1.35549551280788, -2.9934165264768944, 0.009261056263047743, -1.9698761781005167, 1.6602267511326534, 0.46062810527201303]","[0.0, 0.0, 0.0, 0.0, 0.0, 0.0]"
39.93599999999992,Start transition on A-D,"[0.01180279604132832, -0.9949267557417856, 0.23946979491737586, 0.3975173257798288, 3.086279533283362, 0.4025972091211499]","[-1.35549551280788, -2.9934165264768944, 0.009261056263047743, -1.9698761781005167, 1.6602267511326534, 0.46062810527201303]","[0.0, 0.0, 0.0, 0.0, 0.0, 0.0]"
40.06400000000008,End transition on A-D,"[0.01180279604132832, -0.9949267557417856, 0.23946979491737586, 0.3975173257798288, 3.086279533283362, 0.4025972091211499]","[-1.35549551280788, -2.9934165264768944, 0.009261056263047743, -1.9698761781005167, 1.6602267511326534, 0.46062810527201303]","[0.0, 0.0, 0.0, 0.0, 0.0, 0.0]"
40.07999999999993,Start G3 on D,"[0.01180279604132832, -0.9949267557417856, 0.23946979491737586, 0.3975173257798288, 3.086279533283362, 0.4025972091211499]","[-1.35549551280788, -2.9934165264768944, 0.009261056263047743, -1.9698761781005167, 1.6602267511326534, 0.46062810527201303]","[0.0, 0.0, 0.0, 0.0, 0.0, 0.0]"
40.75199999999995,End G3 on D,"[0.01180279604132832, -0.9949267557417856, 0.23946979491737586, 0.3975173257798288, 3.086279533283362, 0.4025972091211499]","[-1.35549551280788, -2.9934165264768944, 0.009261056263047743, -1.9698761781005167, 1.6602267511326534, 0.46062810527201303]","[0.0, 0.0, 0.0, 0.0, 0.0, 0.0]"
40.77600000000007,Start G3 on D,"[0.01180279604132832, -0.9949267557417856, 0.23946979491737586, 0.3975173257798288, 3.086279533283362, 0.4025972091211499]","[-1.35549551280788, -2.9934165264768944, 0.009261056263047743, -1.9698761781005167, 1.6602267511326534, 0.46062810527201303]","[0.0, 0.0, 0.0, 0.0, 0.0, 0.0]"
41.440000000000055,End G3 on D,"[0.01180279604132832, -0.9949267557417856, 0.23946979491737586, 0.3975173257798288, 3.086279533283362, 0.4025972091211499]","[-1.35549551280788, -2.9934165264768944, 0.009261056263047743, -1.9698761781005167, 1.6602267511326534, 0.46062810527201303]","[0.0, 0.0, 0.0, 0.0, 0.0, 0.0]"
41.455999999999904,Start F#3 on D,"[0.01180279604132832, -0.9949267557417856, 0.23946979491737586, 0.3975173257798288, 3.086279533283362, 0.4025972091211499]","[-1.35549551280788, -2.9934165264768944, 0.009261056263047743, -1.9698761781005167, 1.6602267511326534, 0.46062810527201303]","[0.0, 0.0, 0.0, 0.0, 0.0, 0.0]"
42.12000000000012,End F#3 on D,"[0.01180279604132832, -0.9949267557417856, 0.23946979491737586, 0.3975173257798288, 3.086279533283362, 0.4025972091211499]","[-1.35549551280788, -2.9934165264768944, 0.009261056263047743, -1.9698761781005167, 1.6602267511326534, 0.46062810527201303]","[0.0, 0.0, 0.0, 0.0, 0.0, 0.0]"
42.13599999999997,Start F#3 on D,"[0.01180279604132832, -0.9949267557417856, 0.23946979491737586, 0.3975173257798288, 3.086279533283362, 0.4025972091211499]","[-1.35549551280788, -2.9934165264768944, 0.009261056263047743, -1.9698761781005167, 1.6602267511326534, 0.46062810527201303]","[0.0, 0.0, 0.0, 0.0, 0.0, 0.0]"
42.799999999999955,End F#3 on D,"[0.01180279604132832, -0.9949267557417856, 0.23946979491737586, 0.3975173257798288, 3.086279533283362, 0.4025972091211499]","[-1.35549551280788, -2.9934165264768944, 0.009261056263047743, -1.9698761781005167, 1.6602267511326534, 0.46062810527201303]","[0.0, 0.0, 0.0, 0.0, 0.0, 0.0]"
42.81600000000003,Start E3 on D,"[0.01180279604132832, -0.9949267557417856, 0.23946979491737586, 0.3975173257798288, 3.086279533283362, 0.4025972091211499]","[-1.35549551280788, -2.9934165264768944, 0.009261056263047743, -1.9698761781005167, 1.6602267511326534, 0.46062810527201303]","[0.0, 0.0, 0.0, 0.0, 0.0, 0.0]"
43.152000000000044,End E3 on D,"[0.01180279604132832, -0.9949267557417856, 0.23946979491737586, 0.3975173257798288, 3.086279533283362, 0.4025972091211499]","[-1.35549551280788, -2.9934165264768944, 0.009261056263047743, -1.9698761781005167, 1.6602267511326534, 0.46062810527201303]","[0.0, 0.0, 0.0, 0.0, 0.0, 0.0]"
43.208000000000084,Start D3 on D,"[0.01180279604132832, -0.9949267557417856, 0.23946979491737586, 0.3975173257798288, 3.086279533283362, 0.4025972091211499]","[-1.35549551280788, -2.9934165264768944, 0.009261056263047743, -1.9698761781005167, 1.6602267511326534, 0.46062810527201303]","[0.0, 0.0, 0.0, 0.0, 0.0, 0.0]"
43.544000000000096,End D3 on D,"[0.01180279604132832, -0.9949267557417856, 0.23946979491737586, 0.3975173257798288, 3.086279533283362, 0.4025972091211499]","[-1.35549551280788, -2.9934165264768944, 0.009261056263047743, -1.9698761781005167, 1.6602267511326534, 0.46062810527201303]","[0.0, 0.0, 0.0, 0.0, 0.0, 0.0]"
43.559999999999945,Start E3 on D,"[0.01180279604132832, -0.9949267557417856, 0.23946979491737586, 0.3975173257798288, 3.086279533283362, 0.4025972091211499]","[-1.35549551280788, -2.9934165264768944, 0.009261056263047743, -1.9698761781005167, 1.6602267511326534, 0.46062810527201303]","[0.0, 0.0, 0.0, 0.0, 0.0, 0.0]"
43.855999999999995,End E3 on D,"[0.01180279604132832, -0.9949267557417856, 0.23946979491737586, 0.3975173257798288, 3.086279533283362, 0.4025972091211499]","[-1.35549551280788, -2.9934165264768944, 0.009261056263047743, -1.9698761781005167, 1.6602267511326534, 0.46062810527201303]","[0.0, 0.0, 0.0, 0.0, 0.0, 0.0]"
43.92000000000007,Start F#3 on D,"[0.01180279604132832, -0.9949267557417856, 0.23946979491737586, 0.3975173257798288, 3.086279533283362, 0.4025972091211499]","[-1.35549551280788, -2.9934165264768944, 0.009261056263047743, -1.9698761781005167, 1.6602267511326534, 0.46062810527201303]","[0.0, 0.0, 0.0, 0.0, 0.0, 0.0]"
44.256000000000085,End F#3 on D,"[0.01180279604132832, -0.9949267557417856, 0.23946979491737586, 0.3975173257798288, 3.086279533283362, 0.4025972091211499]","[-1.35549551280788, -2.9934165264768944, 0.009261056263047743, -1.9698761781005167, 1.6602267511326534, 0.46062810527201303]","[0.0, 0.0, 0.0, 0.0, 0.0, 0.0]"
44.27999999999997,Start D3 on D,"[0.01180279604132832, -0.9949267557417856, 0.23946979491737586, 0.3975173257798288, 3.086279533283362, 0.4025972091211499]","[-1.35549551280788, -2.9934165264768944, 0.009261056263047743, -1.9698761781005167, 1.6602267511326534, 0.46062810527201303]","[0.0, 0.0, 0.0, 0.0, 0.0, 0.0]"
45.615999999999985,End D3 on D,"[0.01180279604132832, -0.9949267557417856, 0.23946979491737586, 0.3975173257798288, 3.086279533283362, 0.4025972091211499]","[-1.35549551280788, -2.9934165264768944, 0.009261056263047743, -1.9698761781005167, 1.6602267511326534, 0.46062810527201303]","[0.0, 0.0, 0.0, 0.0, 0.0, 0.0]"
